SPCD,SPECIES_SYMBOL,COMMON_NAME,SPP_SCI,SFTWD_HRDWD,WOOD_SPGR_GREENVOL_DRYWT,ShadeTol,DroughtTol,FloodTol
11,ABAM,Pacific silver fir,Abies amabilis,S,0.4,4.21,0.8,1
12,ABBA,balsam fir,Abies balsamea,S,0.33,5.01,1,2
14,ABBR,Santa Lucia or bristlecone fir,Abies bracteata,S,0.36,4.24,1.82,1.4
15,ABCO,white fir,Abies concolor,S,0.37,4.33,1.9,1
16,ABFR,Fraser fir,Abies fraseri,S,0.36,5,2,2
17,ABGR,grand fir,Abies grandis,S,0.35,4.01,2.3,1.5
18,ABLAA,corkbark fir,Abies lasiocarpa,S,0.36,4.83,2,0.9
19,ABLA,subalpine fir,Abies lasiocarpa,S,0.31,4.83,2,0.9
20,ABMA,California red fir,Abies magnifica,S,0.36,3.5,0.6,1
22,ABPR,noble fir,Abies procera,S,0.37,2.45,2.5,1
21,ABSH,Shasta red fir,Abies shastensis,S,0.36,4.24,1.82,1.4
10,ABIES,fir spp.,Abies spp.,S,0.36,4.24,1.82,1.4
303,ACFA,sweet acacia,Acacia farnesiana,H,0.52,1,5,1
304,ACGR,catclaw acacia,Acacia greggii,H,0.52,1,5,1
300,ACACI,acacia spp.,Acacia spp.,H,0.52,1,5,1
311,ACBA3,Florida maple,Acer barbatum,H,0.47,4.5,2.5,1
321,ACGL,Rocky Mountain maple,Acer glabrum,H,0.47,3.39,2.8,1.2
322,ACGR3,bigtooth maple,Acer grandidentatum,H,0.47,3,2.6,1.2
323,ACLE,chalk maple,Acer leucoderme,H,0.47,3.58,2.54,1.55
312,ACMA3,bigleaf maple,Acer macrophyllum,H,0.44,4.14,2,2
313,ACNE2,boxelder,Acer negundo,H,0.42,3.47,3,2.7
314,ACNI5,black maple,Acer nigrum,H,0.52,3,3.3,1.5
315,ACPE,striped maple,Acer pensylvanicum,H,0.44,3.56,2,1
320,ACPL,Norway maple,Acer platanoides,H,0.47,4.2,2.7,1.4
316,ACRU,red maple,Acer rubrum,H,0.49,3.44,1.8,3
317,ACSA2,silver maple,Acer saccharinum,H,0.44,3.6,2.8,3.3
318,ACSA3,sugar maple,Acer saccharum,H,0.56,4.76,2.2,1
319,ACSP2,mountain maple,Acer spicatum,H,0.47,3.31,2,2
310,ACER,maple spp.,Acer spp.,H,0.47,3.58,2.54,1.55
906,ACWR4,"Everglades palm, paurotis-palm",Acoelorraphe wrightii,H,0.52,2.45,2.82,1.93
333,AECA,California buckeye,Aesculus californica,H,0.33,2.5,2.8,1.7
332,AEFL,yellow buckeye,Aesculus flava,H,0.33,4.14,2,1.1
331,AEGL,Ohio buckeye,Aesculus glabra,H,0.33,3.49,2.8,1.2
334,AEGLA,Texas buckeye,Aesculus glabra,H,0.33,3.49,2.8,1.2
336,AEPA,red buckeye,Aesculus pavia,H,0.33,4,2,2
330,AESCU,"buckeye, horsechestnut spp.",Aesculus spp.,H,0.33,3.45,2.4,1.73
337,AESY,painted buckeye,Aesculus sylvatica,H,0.33,3.56,2,2
341,AIAL,ailanthus,Ailanthus altissima,H,0.46,2.44,2.9,1.5
345,ALJU,"mimosa, silktree",Albizia julibrissin,H,0.52,1.17,4.4,1.5
355,ALGL2,European alder,Alnus glutinosa,H,0.37,2.71,2.2,3.9
353,ALOB2,Arizona alder,Alnus oblongifolia,H,0.37,1,1,3
352,ALRH2,white alder,Alnus rhombifolia,H,0.37,1.5,1,3.5
351,ALRU2,red alder,Alnus rubra,H,0.37,1.83,2.5,2.5
350,ALNUS,alder spp.,Alnus spp.,H,0.37,1.6,1.98,3.02
357,AMAR3,serviceberry,Amelanchier arborea,H,0.66,4.33,2.3,3.5
358,AMSA,roundleaf serviceberry,Amelanchier sanguinea,H,0.66,2.95,3.28,2.05
356,AMELA,serviceberry spp.,Amelanchier spp.,H,0.66,2.95,3.28,2.05
852,AMEL,sea torchwood,Amyris elemifera,H,0.52,2.45,2.82,1.93
853,ANGL4,pond-apple,Annona glabra,H,0.52,2.45,2.82,1.93
362,ARAR2,Arizona madrone,Arbutus arizonica,H,0.58,2.99,3.85,1
361,ARME,Pacific madrone,Arbutus menziesii,H,0.58,3.32,3.8,1
360,ARBUT,madrone spp.,Arbutus spp.,H,0.58,2.99,3.85,1
363,ARXA80,Texas madrone,Arbutus xalapensis,H,0.58,2.99,3.85,1
367,ASTR,pawpaw,Asimina triloba,H,0.52,3.95,2,1.3
986,AVGE,black-mangrove,Avicennia germinans,H,0.52,2.45,2.82,1.93
371,BEAL2,yellow birch,Betula alleghaniensis,H,0.55,3.17,3,2
372,BELE,sweet birch,Betula lenta,H,0.6,2.58,3,1
373,BENI,river birch,Betula nigra,H,0.49,1.45,1.5,2.8
374,BEOC2,water birch,Betula occidentalis,H,0.51,3.28,1.2,2.6
375,BEPA,paper birch,Betula papyrifera,H,0.48,1.54,2,1.2
379,BEPO,gray birch,Betula populifolia,H,0.45,1.5,2.3,1
370,BETUL,birch spp.,Betula spp.,H,0.51,1.77,1.8,2.04
377,BEUB,Virginia roundleaf birch,Betula uber,H,0.51,1.77,1.8,2.04
378,BEUT,northwestern paper birch,Betula x utahensis,H,0.51,1.77,1.8,2.04
854,BUSI,gumbo limbo,Bursera simaruba,H,0.52,2.45,2.82,1.93
81,CADE27,incense-cedar,Calocedrus decurrens,S,0.35,3.21,3.7,1.2
391,CACA18,American hornbeam,Carpinus caroliniana,H,0.58,4.58,2,2.3
409,CAAL27,mockernut hickory,Carya alba,H,0.64,2.75,2.89,1.96
401,CAAQ2,water hickory,Carya aquatica,H,0.61,2.95,2,4.2
413,CACA38,southern shagbark hickory,Carya carolinae-septentrionalis,H,0.62,2.75,2.89,1.96
402,CACO15,bitternut hickory,Carya cordiformis,H,0.6,2.07,4,2.5
411,CAFL6,scrub hickory,Carya floridana,H,0.62,2.75,2.89,1.96
403,CAGL8,pignut hickory,Carya glabra,H,0.66,2.69,4,1.1
404,CAIL2,pecan,Carya illinoinensis,H,0.6,2.75,2.89,1.96
405,CALA21,shellbark hickory,Carya laciniosa,H,0.62,4.42,2,1.4
406,CAMY,nutmeg hickory,Carya myristiciformis,H,0.56,3.71,2,2
412,CAOV3,red hickory,Carya ovalis,H,0.62,2.75,2.89,1.96
407,CAOV2,shagbark hickory,Carya ovata,H,0.64,3.4,3,1.3
410,CAPA24,sand hickory,Carya pallida,H,0.62,1.56,4,1
400,CARYA,hickory spp.,Carya spp.,H,0.62,2.75,2.89,1.96
408,CATE9,black hickory,Carya texana,H,0.62,2.75,2.89,1.96
421,CADE12,American chestnut,Castanea dentata,H,0.4,3.06,3,1
424,CAMO83,Chinese chestnut,Castanea mollissima,H,0.4,1.67,2.6,1.2
422,CAPU9,Allegheny chinkapin,Castanea pumila,H,0.4,2.5,4,1
423,CAPUO,Ozark chinkapin,Castanea pumila,H,0.4,2.5,4,1
420,CASTA,chestnut spp.,Castanea spp.,H,0.4,2.68,3.1,1.1
856,CAGL11,gray sheoak,Casuarina glauca,H,0.52,2.45,2.82,1.93
857,CALE28,belah,Casuarina lepidophloia,H,0.52,2.45,2.82,1.93
855,CASUA,sheoak spp.,Casuarina spp.,H,0.52,2.45,2.82,1.93
451,CABI8,southern catalpa,Catalpa bignonioides,H,0.38,2.67,2.5,1.2
452,CASP8,northern catalpa,Catalpa speciosa,H,0.38,2.33,4.2,1.2
450,CATAL,catalpa spp.,Catalpa spp.,H,0.38,2.5,3.35,1.2
461,CELA,sugarberry,Celtis laevigata,H,0.49,3.31,3.5,2.7
463,CELAR,netleaf hackberry,Celtis laevigata,H,0.49,3.31,3.5,2.7
462,CEOC,hackberry,Celtis occidentalis,H,0.49,3.17,3.8,2.6
460,CELTI,hackberry spp.,Celtis spp.,H,0.49,2.68,3.77,2.1
471,CECA4,eastern redbud,Cercis canadensis,H,0.52,3,4,1.3
475,CELE3,curlleaf mountain-mahogany,Cercocarpus ledifolius,H,0.52,1.35,4.9,1.2
41,CHLA,Port-Orford-cedar,Chamaecyparis lawsoniana,S,0.39,3.67,2,1
42,CHNO,Alaska yellow-cedar,Chamaecyparis nootkatensis,S,0.42,4.15,2,1.9
40,CHAMA4,white-cedar spp.,Chamaecyparis spp.,S,0.37,3.94,1.9,2.75
43,CHTH2,Atlantic white-cedar,Chamaecyparis thyoides,S,0.31,3.5,1,4
431,CHCHC4,"giant chinkapin, golden chinkapin",Chrysolepis chrysophylla,H,0.42,3,4,1
858,CICA,camphortree,Cinnamomum camphora,H,0.52,3.5,2.7,1.5
859,CIFR,Florida fiddlewood,Citharexylum fruticosum,H,0.52,2.45,2.82,1.93
860,CITRU2,citrus spp.,Citrus spp.,H,0.52,2,3.1,1
481,CLKE,yellowwood,Cladrastis kentukea,H,0.52,3,2.8,1
863,CODI8,"tietongue, pigeon-plum",Coccoloba diversifolia,H,0.52,2.45,2.82,1.93
907,COAR,Florida silver palm,Coccothrinax argentata,H,0.52,2.45,2.82,1.93
908,CONU,coconut palm,Cocos nucifera,H,0.52,2.45,2.82,1.93
864,COEL2,soldierwood,Colubrina elliptica,H,0.52,2.45,2.82,1.93
867,COHO,Bluewood,Condalia hookeri,H,0.52,2.45,2.82,1.93
987,COER2,buttonwood-mangrove,Conocarpus erectus,H,0.52,2.45,2.82,1.93
8651,COBO2,Anacahuita Texas Olive,Cordia boissieri,H,0.52,2.45,2.82,1.93
865,COSE2,largeleaf geigertree,Cordia sebestena,H,0.52,2.45,2.82,1.93
491,COFL2,flowering dogwood,Cornus florida,H,0.64,4.87,2.9,1.1
492,CONU4,Pacific dogwood,Cornus nuttallii,H,0.58,4.5,2,1
490,CORNU,dogwood spp.,Cornus spp.,H,0.61,3.28,2.41,1.62
996,COOB2,smoketree,Cotinus obovatus,H,0.52,3,3.6,1
503,CRBR3,Brainerd's hawthorn,Crataegus brainerdii,H,0.52,2.13,3.43,1.3
504,CRCA,pear hawthorn,Crataegus calpodendron,H,0.52,2.13,3.43,1.3
505,CRCH,fireberry hawthorn,Crataegus chrysocarpa,H,0.52,2.13,3.43,1.3
501,CRCR2,cockspur hawthorn,Crataegus crus-galli,H,0.52,2.13,3.43,1.3
506,CRDI,broadleaf hawthorn,Crataegus dilatata,H,0.52,2.13,3.43,1.3
507,CRFL,fanleaf hawthorn,Crataegus flabellata,H,0.52,2.13,3.43,1.3
502,CRMO2,downy hawthorn,Crataegus mollis,H,0.52,2.13,3.43,1.3
508,CRMO3,oneseed hawthorn,Crataegus monogyna,H,0.52,2.13,3.43,1.3
509,CRPE,scarlet hawthorn,Crataegus pedicellata,H,0.52,2.13,3.43,1.3
5091,CRPH,Washington hawthorn,Crataegus phaenopyrum,H,0.52,2.59,2.8,1.2
500,CRATA,hawthorn spp.,Crataegus spp.,H,0.52,2.13,3.43,1.3
5092,CRSU5,fleshy hawthorn,Crataegus succulenta,H,0.52,2.13,3.43,1.3
5093,CRUN,dwarf hawthorn,Crataegus uniflora,H,0.52,2.13,3.43,1.3
866,CUAN4,carrotwood,Cupaniopsis anacardioides,H,0.52,2.45,2.82,1.93
51,CUAR,Arizona cypress,Cupressus arizonica,S,0.41,1.42,4.4,1
52,CUBA,Baker or Modoc cypress,Cupressus bakeri,S,0.41,1.39,4.65,1
53,CUFO2,Tecate cypress,Cupressus forbesii,S,0.41,1.39,4.65,1
56,CUMA,MacNab's cypress,Cupressus macnabiana,S,0.41,1.39,4.65,1
54,CUMA2,Monterey cypress,Cupressus macrocarpa,S,0.41,1.39,4.65,1
55,CUSA3,Sargent's cypress,Cupressus sargentii,S,0.41,1.39,4.65,1
50,CUPRE,cypress,Cupressus spp.,S,0.41,1.39,4.65,1
520,DIOSP,persimmon spp.,Diospyros spp.,H,0.64,4.21,1.5,2.6
522,DITE3,Texas persimmon,Diospyros texana,H,0.64,4.21,1.5,2.6
521,DIVI5,common persimmon,Diospyros virginiana,H,0.64,4.21,1.5,2.6
868,EBEB,Blackbead ebony,Ebenopsis ebano,H,0.52,2.45,2.82,1.93
523,EHAN,Anacua knockaway,Ehretia anacua,H,0.52,2.45,2.82,1.93
997,ELAN,Russian-olive,Elaeagnus angustifolia,H,0.52,1.35,4.4,1.5
512,EUCA2,river redgum,Eucalyptus camaldulensis,H,0.52,2.45,2.82,1.93
511,EUGL,Tasmanian bluegum,Eucalyptus globulus,H,0.52,2.45,2.82,1.93
513,EUGR12,grand eucalyptus,Eucalyptus grandis,H,0.52,2.45,2.82,1.93
514,EURO2,swampmahogany,Eucalyptus robusta,H,0.52,2.45,2.82,1.93
510,EUCAL,eucalyptus spp.,Eucalyptus spp.,H,0.52,2.45,2.82,1.93
873,EURH,red stopper,Eugenia rhombea,H,0.52,2.45,2.82,1.93
874,EXPA,"butterbough, inkwood",Exothea paniculata,H,0.52,2.45,2.82,1.93
531,FAGR,American beech,Fagus grandifolia,H,0.56,4.75,1.5,1.5
915,ARECA,other palms,Family Arecaceae not listed above,H,0.52,2.45,2.82,1.93
876,FIAU,Florida strangler fig,Ficus aurea,H,0.52,2.45,2.82,1.93
877,FICI,"wild banyantree, shortleaf fig",Ficus citrifolia,H,0.52,2.45,2.82,1.93
541,FRAM2,white ash,Fraxinus americana,H,0.55,2.46,2.3,2.5
5491,FRBE,Berlandier ash,Fraxinus berlandieriana,H,0.51,2.73,2.56,2.84
548,FRCA3,Carolina ash,Fraxinus caroliniana,H,0.51,3.5,2,5
542,FRLA,Oregon ash,Fraxinus latifolia,H,0.5,3,2,3
543,FRNI,black ash,Fraxinus nigra,H,0.45,2.96,2,3.5
544,FRPE,green ash,Fraxinus pennsylvanica,H,0.53,3.11,3.8,2.9
545,FRPR,pumpkin ash,Fraxinus profunda,H,0.48,3,2,5
546,FRQU,blue ash,Fraxinus quadrangulata,H,0.53,1.84,2.7,1.5
540,FRAXI,ash spp.,Fraxinus spp.,H,0.51,2.73,2.56,2.84
549,FRTE,Texas ash,Fraxinus texensis,H,0.51,2.73,2.56,2.84
547,FRVE2,velvet ash,Fraxinus velutina,H,0.51,2.5,3.3,1.7
561,GIBI2,"ginkgo, maidenhair tree",Ginkgo biloba,H,0.52,1.34,3.9,1.1
551,GLAQ,waterlocust,Gleditsia aquatica,H,0.6,2,2,4.3
550,GLEDI,honeylocust spp.,Gleditsia spp.,H,0.6,1.81,3.45,3.45
552,GLTR,honeylocust,Gleditsia triacanthos,H,0.6,1.61,4.9,2.6
555,GOLA,loblolly-bay,Gordonia lasianthus,H,0.52,3,2,4
882,GUDI,"beeftree, longleaf blolly",Guapira discolor,H,0.52,2.45,2.82,1.93
571,GYDI,Kentucky coffeetree,Gymnocladus dioicus,H,0.53,2.5,3.6,1.1
581,HACA3,Carolina silverbell,Halesia carolina,H,0.42,3.11,2,3
582,HADI3,two-wing silverbell,Halesia diptera,H,0.42,3.11,2,3
583,HAPA2,little silverbell,Halesia parviflora,H,0.42,3.11,2,3
580,HALES,silverbell spp.,Halesia spp.,H,0.42,3.11,2,3
883,HIMA2,manchineel,Hippomane mancinella,H,0.52,2.45,2.82,1.93
591,ILOP,American holly,Ilex opaca,H,0.5,4.28,2.9,1.9
604,JUCA,southern California black walnut,Juglans californica,H,0.44,2.04,2.88,1.62
601,JUCI,butternut,Juglans cinerea,H,0.36,1.88,2.3,1.2
603,JUHI,northern California black walnut,Juglans hindsii,H,0.44,2.04,2.88,1.62
606,JUMA,Arizona walnut,Juglans major,H,0.44,1.35,4.9,1.7
605,JUMI,Texas walnut,Juglans microcarpa,H,0.44,2.04,2.88,1.62
602,JUNI,black walnut,Juglans nigra,H,0.51,1.93,2.3,1.8
600,JUGLA,walnut spp.,Juglans spp.,H,0.44,2.04,2.88,1.62
61,JUAS,Ashe juniper,Juniperus ashei,S,0.45,1.63,4.76,1.25
62,JUCA7,California juniper,Juniperus californica,S,0.45,1.63,4.76,1.25
59,JUCO11,redberry juniper,Juniperus coahuilensis,S,0.45,1.63,4.76,1.25
63,JUDE2,alligator juniper,Juniperus deppeana,S,0.48,2,5,1
60,JUFL,Drooping juniper,Juniperus flaccida,S,0.45,1.63,4.76,1.25
69,JUMO,oneseed juniper,Juniperus monosperma,S,0.45,2,5,1
64,JUOC,western juniper,Juniperus occidentalis,S,0.45,1.67,5,1
65,JUOS,Utah juniper,Juniperus osteosperma,S,0.68,1.84,4.9,1
58,JUPI,Pinchot juniper,Juniperus pinchotii,S,0.45,1.63,4.76,1.25
66,JUSC2,Rocky Mountain juniper,Juniperus scopulorum,S,0.45,1.48,4.9,1
57,JUNIP,redcedar/juniper spp.,Juniperus spp.,S,0.45,1.63,4.76,1.25
67,JUVIS,southern redcedar,Juniperus virginiana,S,0.42,1.28,4.6,1.1
68,JUVI,eastern redcedar,Juniperus virginiana,S,0.44,1.28,4.6,1.1
988,LARA2,white-mangrove,Laguncularia racemosa,H,0.52,2.45,2.82,1.93
71,LALA,tamarack,Larix laricina,S,0.49,0.98,2,3
72,LALY,subalpine larch,Larix lyallii,S,0.49,1,3,1
73,LAOC,western larch,Larix occidentalis,S,0.48,1.35,2.4,1
70,LARIX,larch spp.,Larix spp.,S,0.49,1.31,2.37,1.62
869,LEPU3,Great leucaene,Leucaena pulverulenta,H,0.52,2.45,2.82,1.93
611,LIST2,sweetgum,Liquidambar styraciflua,H,0.46,1.59,2.9,2.6
621,LITU,yellow-poplar,Liriodendron tulipifera,H,0.4,2.07,2.6,1.3
631,LIDE3,tanoak,Lithocarpus densiflorus,H,0.58,3.67,4,1
884,LYLA3,false tamarind,Lysiloma latisiliquum,H,0.52,2.45,2.82,1.93
641,MAPO,Osage-orange,Maclura pomifera,H,0.76,1.45,4.2,1.2
651,MAAC,cucumbertree,Magnolia acuminata,H,0.44,3.03,1.2,1.5
655,MAFR,mountain or Fraser magnolia,Magnolia fraseri,H,0.4,3.06,2,1
652,MAGR4,southern magnolia,Magnolia grandiflora,H,0.46,4.5,2.8,1.4
654,MAMA2,bigleaf magnolia,Magnolia macrophylla,H,0.43,3.11,1,1
657,MAPY,pyramid magnolia,Magnolia pyramidata,H,0.43,2.98,1.91,1.68
650,MAGNO,magnolia spp.,Magnolia spp.,H,0.43,2.98,1.91,1.68
658,MATR,umbrella magnolia,Magnolia tripetala,H,0.43,3.06,2,1
653,MAVI2,sweetbay,Magnolia virginiana,H,0.42,3,1.5,3.6
662,MAAN3,southern crab apple,Malus angustifolia,H,0.61,1.5,2.5,1
663,MACO5,sweet crab apple,Malus coronaria,H,0.61,2.08,2.94,1.22
661,MAFU,Oregon crab apple,Malus fusca,H,0.61,2.08,2.94,1.22
664,MAIO,prairie crab apple,Malus ioensis,H,0.61,2.08,2.94,1.22
660,MALUS,apple spp.,Malus spp.,H,0.61,2.08,2.94,1.22
885,MAIN3,mango,Mangifera indica,H,0.52,2.45,2.82,1.93
992,MEQU,melaleuca,Melaleuca quinquenervia,H,0.52,2.45,2.82,1.93
993,MEAZ,chinaberry,Melia azedarach,H,0.52,3,2.8,1.7
886,METO3,Florida poisontree,Metopium toxiferum,H,0.52,2.45,2.82,1.93
681,MOAL,white mulberry,Morus alba,H,0.52,1.35,2.8,1.2
683,MOMI,Texas mulberry,Morus microphylla,H,0.52,2.06,2.87,1.4
684,MONI,black mulberry,Morus nigra,H,0.52,2.06,2.87,1.4
682,MORU2,red mulberry,Morus rubra,H,0.52,2.34,2.8,1.5
680,MORUS,mulberry spp.,Morus spp.,H,0.52,2.06,2.87,1.4
691,NYAQ2,water tupelo,Nyssa aquatica,H,0.46,3.47,1,5
694,NYBI,swamp tupelo,Nyssa biflora,H,0.46,2,1,5
692,NYOG,Ogeechee tupelo,Nyssa ogeche,H,0.46,4,2,4.8
690,NYSSA,tupelo spp.,Nyssa spp.,H,0.46,3.25,1.5,4.15
693,NYSY,blackgum,Nyssa sylvatica,H,0.46,3.52,2,1.8
990,OLTE,desert ironwood,Olneya tesota,H,0.52,2.45,2.82,1.93
701,OSVI,eastern hophornbeam,Ostrya virginiana,H,0.63,4.58,3.2,1
711,OXAR,sourwood,Oxydendrum arboreum,H,0.5,2.7,3,1.1
712,PATO2,"paulownia, empress-tree",Paulownia tomentosa,H,0.52,2,3,1
7211,PEAM3,avocado,Persea americana,H,0.52,3.87,2.33,1.83
721,PEBO,redbay,Persea borbonia,H,0.52,4,2,3.5
720,PERSE,bay spp.,Persea spp.,H,0.52,3.87,2.33,1.83
91,PIAB,Norway spruce,Picea abies,S,0.36,4.45,1.7,1.2
92,PIBR,Brewer spruce,Picea breweriana,S,0.36,3.76,1.8,1
93,PIEN,Engelmann spruce,Picea engelmannii,S,0.33,4.53,2.5,1
94,PIGL,white spruce,Picea glauca,S,0.37,4.15,2.8,1
95,PIMA,black spruce,Picea mariana,S,0.38,4.08,2,2
96,PIPU,blue spruce,Picea pungens,S,0.36,3.54,2.8,1
97,PIRU,red spruce,Picea rubens,S,0.37,4.39,2.5,2
98,PISI,Sitka spruce,Picea sitchensis,S,0.33,3.85,1.5,1.9
90,PICEA,spruce spp.,Picea spp.,S,0.36,4.12,2.22,1.47
101,PIAL,whitebark pine,Pinus albicaulis,S,0.43,1,5,1
102,PIAR,Rocky Mountain bristlecone pine,Pinus aristata,S,0.43,1.25,4.9,1
135,PIAR5,Arizona pine,Pinus arizonica,S,0.43,1.82,3.69,1.45
103,PIAT,knobcone pine,Pinus attenuata,S,0.39,1.5,3,1
104,PIBA,foxtail pine,Pinus balfouriana,S,0.43,1,5,1
105,PIBA2,jack pine,Pinus banksiana,S,0.4,1.36,4,1
140,PICE,Mexican pinyon pine,Pinus cembroides,S,0.43,1.82,3.69,1.45
107,PICL,sand pine,Pinus clausa,S,0.46,2.21,2.2,2.5
108,PICO,lodgepole pine,Pinus contorta,S,0.38,1.82,3.69,1.45
109,PICO3,Coulter pine,Pinus coulteri,S,0.43,1.5,3.5,2
134,PIDI3,border pinyon,Pinus discolor,S,0.43,1.82,3.69,1.45
110,PIEC2,shortleaf pine,Pinus echinata,S,0.47,1.86,4,1.1
106,PIED,common or two-needle pinyon,Pinus edulis,S,0.5,1.44,4.9,1
111,PIEL,slash pine,Pinus elliottii,S,0.54,1.82,3.69,1.45
144,PIELE2,Honduras pine,Pinus elliottii,S,0.43,1.82,3.69,1.45
112,PIEN2,Apache pine,Pinus engelmannii,S,0.43,1.82,3.69,1.45
113,PIFL2,limber pine,Pinus flexilis,S,0.37,1.56,4.7,1
115,PIGL2,spruce pine,Pinus glabra,S,0.41,4.5,2.5,3
116,PIJE,Jeffrey pine,Pinus jeffreyi,S,0.37,1.74,4.1,0.9
117,PILA,sugar pine,Pinus lambertiana,S,0.34,2.66,2.6,1
118,PILE,Chihuahua pine,Pinus leiophylla,S,0.43,1.82,3.69,1.45
142,PILO,Great Basin bristlecone pine,Pinus longaeva,S,0.43,1.82,3.69,1.45
133,PIMO,singleleaf pinyon,Pinus monophylla,S,0.43,1.17,4.9,1
143,PIMOF,Arizona pinyon pine,Pinus monophylla,S,0.43,1.17,4.9,1
119,PIMO3,western white pine,Pinus monticola,S,0.36,2.97,2.4,1
120,PIMU,bishop pine,Pinus muricata,S,0.45,2,2,1
136,PINI,Austrian pine,Pinus nigra,S,0.43,2.1,4.3,1.3
121,PIPA2,longleaf pine,Pinus palustris,S,0.54,0.87,4.7,2
122,PIPO,ponderosa pine,Pinus ponderosa,S,0.38,1.64,4.3,1
123,PIPU5,Table Mountain pine,Pinus pungens,S,0.49,1.82,3.69,1.45
138,PIQU,four-leaf or Parry pinyon pine,Pinus quadrifolia,S,0.43,1.82,3.69,1.45
124,PIRA2,Monterey pine,Pinus radiata,S,0.4,2.97,3,1
141,PIRE5,Papershell pinyon pine,Pinus remota,S,0.43,1.82,3.69,1.45
125,PIRE,red pine,Pinus resinosa,S,0.41,1.89,3,1
126,PIRI,pitch pine,Pinus rigida,S,0.47,1.99,4,2
127,PISA2,gray or California foothill pine,Pinus sabiniana,S,0.4,1,4.5,1
128,PISE,pond pine,Pinus serotina,S,0.51,1.47,3,3.5
100,PINUS,pine spp.,Pinus spp.,S,0.43,1.82,3.69,1.45
114,PIST3,southwestern white pine,Pinus strobiformis,S,0.43,1.35,2.8,1.5
129,PIST,eastern white pine,Pinus strobus,S,0.34,3.21,2.2,1
130,PISY,Scotch pine,Pinus sylvestris,S,0.43,1.67,4.3,2.6
131,PITA,loblolly pine,Pinus taeda,S,0.47,1.99,4.5,1
139,PITO,Torrey pine,Pinus torreyana,S,0.43,1.82,3.69,1.45
132,PIVI2,Virginia pine,Pinus virginiana,S,0.45,1.99,4,1.5
137,PIWA,Washoe pine,Pinus washoensis,S,0.43,1.82,3.69,1.45
887,PIPI3,fishpoison tree,Piscidia piscipula,H,0.52,2.45,2.82,1.93
722,PLAQ,"water-elm, planertree",Planera aquatica,H,0.52,4,2,4.8
731,PLOC,sycamore,Platanus occidentalis,H,0.46,2.86,2.2,2.7
730,PLRA,California sycamore,Platanus racemosa,H,0.46,2.95,3,2.43
729,PLATA,sycamore spp.,Platanus spp.,H,0.46,2.95,3,2.43
732,PLWR2,Arizona sycamore,Platanus wrightii,H,0.46,2.95,3,2.43
752,POAL7,silver poplar,Populus alba,H,0.35,2.3,2.6,1.8
749,POAN3,narrowleaf cottonwood,Populus angustifolia,H,0.35,1.35,1.7,2.6
741,POBA2,balsam poplar,Populus balsamifera,H,0.31,1.27,1.7,2.6
747,POBAT,black cottonwood,Populus balsamifera,H,0.31,1.27,1.7,2.6
742,PODE3,eastern cottonwood,Populus deltoides,H,0.37,1.76,1.5,3
745,PODEM,plains cottonwood,Populus deltoides,H,0.35,1.76,1.5,3
748,POFR2,Fremont cottonwood,Populus fremontii,H,0.41,1.35,2.8,2.6
743,POGR4,bigtooth aspen,Populus grandidentata,H,0.36,1.21,2.5,2
744,POHE4,swamp cottonwood,Populus heterophylla,H,0.35,1.24,2,4
753,PONI,Lombardy poplar,Populus nigra,H,0.35,2.46,2.2,3.7
740,POPUL,cottonwood and poplar spp.,Populus spp.,H,0.35,1.61,2.11,2.45
746,POTR5,quaking aspen,Populus tremuloides,H,0.35,1.21,1.7,1.7
756,PRGL2,honey mesquite,Prosopis glandulosa,H,0.78,1.17,4.9,1
758,PRPU,screwbean mesquite,Prosopis pubescens,H,0.78,1.17,4.9,1
755,PROSO,mesquite spp.,Prosopis spp.,H,0.78,1.17,4.9,1
757,PRVE,velvet mesquite,Prosopis velutina,H,0.78,1.17,4.9,1
769,PRAL5,Allegheny plum,Prunus alleghaniensis,H,0.47,2.26,2.79,1.3
766,PRAM,American plum,Prunus americana,H,0.47,2.26,2.79,1.3
770,PRAN3,Chickasaw plum,Prunus angustifolia,H,0.47,2.26,2.79,1.3
771,PRAV,"sweet cherry, domesticated",Prunus avium,H,0.47,3.33,2.6,1.1
772,PRCE,"sour cherry, domesticated",Prunus cerasus,H,0.47,2.66,3.1,1
773,PRDO,"European plum, domesticated",Prunus domestica,H,0.47,1.93,2.9,1
768,PREM,bitter cherry,Prunus emarginata,H,0.47,2.26,2.79,1.3
774,PRMA,"Mahaleb cherry, domesticated",Prunus mahaleb,H,0.47,2.29,4.3,1.2
765,PRNI,Canada plum,Prunus nigra,H,0.47,2.26,2.79,1.3
761,PRPE2,pin cherry,Prunus pensylvanica,H,0.47,2.26,2.79,1.3
764,PRPE3,peach,Prunus persica,H,0.47,1.67,2.3,1
762,PRSE2,black cherry,Prunus serotina,H,0.47,2.46,3,1
760,PRUNU,cherry and plum spp.,Prunus spp.,H,0.47,2.26,2.79,1.3
763,PRVI,chokecherry,Prunus virginiana,H,0.47,2.59,2.8,1.1
201,PSMA,bigcone Douglas-fir,Pseudotsuga macrocarpa,S,0.45,2.5,4,1
202,PSME,Douglas-fir,Pseudotsuga menziesii,S,0.45,2.78,2.6,1.7
200,PSEUD7,Douglas-fir spp.,Pseudotsuga spp.,S,0.45,2.64,3.3,1.35
801,QUAG,California live oak,Quercus agrifolia,H,0.59,2,5,1
802,QUAL,white oak,Quercus alba,H,0.6,2.85,3.5,1.4
803,QUAR,Arizona white oak,Quercus arizonica,H,0.59,2.51,3.74,1.61
804,QUBI,swamp white oak,Quercus bicolor,H,0.64,2.98,3.3,2.5
8513,QUBU2,Buckley oak,Quercus buckleyi,H,0.59,2.51,3.74,1.61
805,QUCH2,canyon live oak,Quercus chrysolepis,H,0.7,2.5,5,1
806,QUCO2,scarlet oak,Quercus coccinea,H,0.6,2.07,4,1
807,QUDO,blue oak,Quercus douglasii,H,0.59,2,5,1
809,QUEL,northern pin oak,Quercus ellipsoidalis,H,0.59,2.51,3.74,1.61
810,QUEM,Emory oak,Quercus emoryi,H,0.59,3,4,1
811,QUEN,Engelmann oak,Quercus engelmannii,H,0.59,2.51,3.74,1.61
812,QUFA,southern red oak,Quercus falcata,H,0.52,2.5,5,1.6
814,QUGA,Gambel oak,Quercus gambelii,H,0.61,2.09,4.9,1.2
815,QUGA4,Oregon white oak,Quercus garryana,H,0.64,2.4,5,2
851,QUGR,Chisos oak,Quercus graciliformis,H,0.59,2.51,3.74,1.61
8511,QUGR2,Graves oak,Quercus gravesii,H,0.59,2.51,3.74,1.61
846,QUGR3,gray oak,Quercus grisea,H,0.59,2.51,3.74,1.61
843,QUHY,silverleaf oak,Quercus hypoleucoides,H,0.59,2.51,3.74,1.61
816,QUIL,scrub oak,Quercus ilicifolia,H,0.59,2.51,3.74,1.61
817,QUIM,shingle oak,Quercus imbricaria,H,0.59,2.09,3.8,2.4
842,QUIN,bluejack oak,Quercus incana,H,0.59,2.5,4.5,1.5
818,QUKE,California black oak,Quercus kelloggii,H,0.51,1.55,4.3,1
8514,QULA,Lacey oak,Quercus laceyi,H,0.59,2.51,3.74,1.61
819,QULA2,turkey oak,Quercus laevis,H,0.59,2,5,1
820,QULA3,laurel oak,Quercus laurifolia,H,0.56,3.34,3,2.5
821,QULO,California white oak,Quercus lobata,H,0.55,3,3,1
822,QULY,overcup oak,Quercus lyrata,H,0.57,2.97,1,4.5
823,QUMA2,bur oak,Quercus macrocarpa,H,0.58,2.71,3.8,1.8
840,QUMA6,dwarf post oak,Quercus margarettiae,H,0.59,2.51,3.74,1.61
824,QUMA3,blackjack oak,Quercus marilandica,H,0.59,3,4,1
825,QUMI,swamp chestnut oak,Quercus michauxii,H,0.6,2.51,3.74,1.61
841,QUMI2,dwarf live oak,Quercus minima,H,0.59,2.51,3.74,1.61
826,QUMU,chinkapin oak,Quercus muehlenbergii,H,0.59,2.22,4.9,1.2
827,QUNI,water oak,Quercus nigra,H,0.56,2.24,3,2.4
829,QUOB,Mexican blue oak,Quercus oblongifolia,H,0.59,2.51,3.74,1.61
844,QUOG,Oglethorpe oak,Quercus oglethorpensis,H,0.59,2.51,3.74,1.61
813,QUPA5,cherrybark oak,Quercus pagoda,H,0.61,2.24,2.5,2
830,QUPA2,pin oak,Quercus palustris,H,0.58,2.49,2.3,3.4
831,QUPH,willow oak,Quercus phellos,H,0.56,2,1,2.8
8512,QUPO2,Mexican white oak,Quercus polymorpha,H,0.59,2.51,3.74,1.61
845,QUPR,dwarf chinkapin oak,Quercus prinoides,H,0.59,2.51,3.74,1.61
832,QUPR2,chestnut oak,Quercus prinus,H,0.57,2.85,3.5,1
833,QURU,northern red oak,Quercus rubra,H,0.56,2.75,2.8,1.1
847,QURU4,netleaf oak,Quercus rugosa,H,0.59,2.51,3.74,1.61
834,QUSH,Shumard oak,Quercus shumardii,H,0.59,2.35,4.6,1.4
836,QUSI2,Delta post oak,Quercus similis,H,0.59,2.51,3.74,1.61
808,QUSIS,Durand oak,Quercus sinuata,H,0.59,2.51,3.74,1.61
800,QUERC,oak spp,Quercus spp.,H,0.59,2.51,3.74,1.61
835,QUST,post oak,Quercus stellata,H,0.6,2.16,4.5,1.5
828,QUTE,Texas red oak,Quercus texana,H,0.59,2.51,3.74,1.61
837,QUVE,black oak,Quercus velutina,H,0.56,2.72,3,1
838,QUVI,live oak,Quercus virginiana,H,0.8,2.24,4.5,2.5
839,QUWI2,interior live oak,Quercus wislizeni,H,0.59,2.5,4,1.5
989,RHMA2,American mangrove,Rhizophora mangle,H,0.52,2.45,2.82,1.93
902,RONE,New Mexico locust,Robinia neomexicana,H,0.66,1.35,4.4,1.7
901,ROPS,black locust,Robinia pseudoacacia,H,0.66,1.72,4.1,1
909,ROYST,royal palm spp.,Roystonea spp.,H,0.52,2.45,2.82,1.93
911,SAME8,Mexican palmetto,Sabal mexicana,H,0.52,2,4,3
912,SAPA,cabbage palmetto,Sabal palmetto,H,0.52,2,4,3
927,SAAL2,white willow,Salix alba,H,0.36,1.99,2,4.1
921,SAAM2,peachleaf willow,Salix amygdaloides,H,0.36,1.17,1.7,3.4
923,SABE2,Bebb willow,Salix bebbiana,H,0.36,1,1,3
924,SABO,Bonpland willow,Salix bonplandiana,H,0.36,1.61,1.6,3.86
925,SACA5,coastal plain willow,Salix caroliniana,H,0.36,1.5,2,4
922,SANI,black willow,Salix nigra,H,0.36,1.34,1.7,4.6
926,SAPY,balsam willow,Salix pyrifolia,H,0.36,1.61,1.6,3.86
928,SASC,Scouler's willow,Salix scouleriana,H,0.36,1,3,4
929,SASE10,weeping willow,Salix sepulcralis,H,0.36,1.61,1.6,3.86
920,SALIX,willow spp.,Salix spp.,H,0.36,1.61,1.6,3.86
919,SASAD,western soapberry,Sapindus saponaria,H,0.52,2.45,2.82,1.93
931,SAAL5,sassafras,Sassafras albidum,H,0.42,1.68,5,1.1
888,SCAC2,"octopus tree, schefflera",Schefflera actinophylla,H,0.52,2.45,2.82,1.93
211,SESE3,redwood,Sequoia sempervirens,S,0.36,4.21,2,0.9
212,SEGI2,giant sequoia,Sequoiadendron giganteum,S,0.34,3.05,2.8,1.2
890,SIFO,false mastic,Sideroxylon foetidissimum,H,0.52,2,3.25,3.25
381,SILAL3,"chittamwood, gum bumelia",Sideroxylon lanuginosum,H,0.52,2,3.25,3.25
891,SISA6,"white bully, willow bustic",Sideroxylon salicifolium,H,0.52,2,3.25,3.25
895,SIGL3,paradisetree,Simarouba glauca,H,0.52,2.45,2.82,1.93
870,SOAF,Texas sophora,Sophora affinis,H,0.52,3,2.7,1.5
935,SOAM3,American mountain-ash,Sorbus americana,H,0.52,2.59,1.7,1.2
936,SOAU,European mountain-ash,Sorbus aucuparia,H,0.52,2.73,2.1,1.7
937,SODE3,northern mountain-ash,Sorbus decora,H,0.52,2.43,3.1,1.18
934,SORBU,mountain-ash spp.,Sorbus spp.,H,0.52,2.43,3.1,1.18
940,SWMA2,West Indian mahogany,Swietenia mahagoni,H,0.52,3,4,1
896,SYCU,Java plum,Syzygium cumini,H,0.52,2.45,2.82,1.93
897,TAIN2,tamarind,Tamarindus indica,H,0.52,2.45,2.82,1.93
991,TAMAR2,saltcedar,Tamarix spp.,H,0.52,1.35,4.1,3.3
222,TAAS,pondcypress,Taxodium ascendens,S,0.42,2.13,3.2,4.9
221,TADI2,bald cypress,Taxodium distichum,S,0.42,2.13,3.2,4.9
223,TAMU,Montezuma baldcypress,Taxodium mucronatum,S,0.42,2.13,3.2,4.9
220,TAXOD,baldcypress spp.,Taxodium spp.,S,0.42,2.13,3.2,4.9
231,TABR2,Pacific yew,Taxus brevifolia,S,0.6,4.86,2.5,1
232,TAFL,Florida yew,Taxus floridana,S,0.6,4.65,2.75,1.15
230,TAXUS,yew spp.,Taxus spp.,S,0.6,4.65,2.75,1.15
913,THMO4,key thatch palm,Thrinax morrisii,H,0.52,2.45,2.82,1.93
914,THRA2,Florida thatch palm,Thrinax radiata,H,0.52,2.45,2.82,1.93
241,THOC2,northern white-cedar,Thuja occidentalis,S,0.29,3.45,2.7,1.4
242,THPL,western redcedar,Thuja plicata,S,0.31,4.73,2.2,1
240,THUJA,thuja spp.,Thuja spp.,S,0.3,3.45,2.57,1.13
951,TIAM,American basswood,Tilia americana,H,0.32,3.98,2.8,1.2
952,TIAMH,white basswood,Tilia americana,H,0.32,3.98,2.8,1.2
953,TIAMC,Carolina basswood,Tilia americana,H,0.32,3.98,2.8,1.2
950,TILIA,basswood spp.,Tilia spp.,H,0.32,3.65,2.55,1.45
251,TOCA,California torreya (nutmeg),Torreya californica,S,0.41,5,2,1
250,TORRE,torreya (nutmeg) spp.,Torreya spp.,S,0.41,4.75,2,1
252,TOTA,Florida torreya (nutmeg),Torreya taxifolia,S,0.41,4.5,2,1
998,2TB,Unknown dead hardwood,Tree broadleaf,H,0.52,2.45,2.82,1.93
299,2TE,Unknown dead conifer,Tree evergreen,S,0.41,2.69,3.05,1.44
999,2TREE,Other or unknown live tree,Tree unknown,H,0.52,2.45,2.82,1.93
994,TRSE6,Chinese tallowtree,Triadica sebifera,H,0.52,2.45,2.82,1.93
261,TSCA,eastern hemlock,Tsuga canadensis,S,0.38,4.83,1,1.2
262,TSCA2,Carolina hemlock,Tsuga caroliniana,S,0.41,4.76,1.03,1
263,TSHE,western hemlock,Tsuga heterophylla,S,0.42,4.96,1.1,0.9
264,TSME,mountain hemlock,Tsuga mertensiana,S,0.42,4.48,1,0.9
260,TSUGA,hemlock spp.,Tsuga spp.,S,0.41,4.76,1.03,1
971,ULAL,winged elm,Ulmus alata,H,0.6,3.03,3.5,1.7
972,ULAM,American elm,Ulmus americana,H,0.46,3.14,2.9,2.4
973,ULCR,cedar elm,Ulmus crassifolia,H,0.59,3,3,2
974,ULPU,Siberian elm,Ulmus pumila,H,0.54,2.5,3.3,1.5
975,ULRU,slippery elm,Ulmus rubra,H,0.48,3.31,3,1.7
976,ULSE,September elm,Ulmus serotina,H,0.54,3.11,2.63,2
970,ULMUS,elm spp.,Ulmus spp.,H,0.54,3.11,2.63,2
977,ULTH,rock elm,Ulmus thomasii,H,0.57,3.22,2,1
981,UMCA,California-laurel,Umbellularia californica,H,0.51,3.84,2,0.9
995,VEFO,tungoil tree,Vernicia fordii,H,0.52,2.45,2.82,1.93
982,YUBR,Joshua tree,Yucca brevifolia,H,0.52,1.17,4.9,1.5
